Aspect,Life event,Category,Theme,Explanation
"Jupiter, Conjunction, Sun",Career Breakthrough / Promotion,Career & Public Life,Career Breakthrough,"Growth in recognition, success through structure, higher responsibility."
"Jupiter, Trine, Sun",Career Breakthrough / Promotion,Career & Public Life,Career Breakthrough,"Growth in recognition, success through structure, higher responsibility."
"Trine, Jupiter ",Career Breakthrough / Recognition,Career & Public Life,Career Breakthrough,Confidence and opportunity align; visibility and success.
"Uranus, Opposition, Mc",Career Change / Job Loss / Reorientation,Career & Public Life,Career Change,"Transformation of direction, breaking old patterns, new professional identity."
"Uranus, Square, Mc",Career Change / Job Loss / Reorientation,Career & Public Life,Career Change,"Transformation of direction, breaking old patterns, new professional identity."
"Jupiter, Conjunction, Sun",Public Recognition / Fame,Career & Public Life,Public Recognition,"Visibility, breakthrough opportunities, public success."
"Jupiter, Trine, Sun",Public Recognition / Fame,Career & Public Life,Public Recognition,"Visibility, breakthrough opportunities, public success."
"Saturn, Opposition, Sun",Retirement / Withdrawal from Career,Career & Public Life,Retirement,"Transition to inner focus, letting go of public life."
"Saturn, Trine, Sun",Retirement / Withdrawal from Career,Career & Public Life,Retirement,"Transition to inner focus, letting go of public life."
"Saturn, Conjunction, Saturn",Saturn Return / Maturity Milestone,Career & Public Life,Saturn Return,Life restructuring; accountability and long-term planning.
"Uranus, Conjunction, Midheaven",Sudden Career Shift / New Direction,Career & Public Life,Sudden Career Shift,Unexpected changes in vocation; independence and innovation.
"Jupiter, Trine, Mercury",Learning / Education / Study Expansion,Education,Learning,"Mental growth, structured learning, new philosophies."
"Jupiter, Trine, Moon",Birth of Child / Parenthood,Family & Children,Birth of Child,Fertility themes; emotional growth and family expansion.
"Jupiter, Conjunction, Moon",Birth of Child / Parenthood,Family & Children,Birth of Child,"Expansion of family, emotional maturity, nurturing responsibilities."
"Jupiter, Sextile, Moon",Birth of Child / Parenthood,Family & Children,Birth of Child,"Expansion of family, emotional maturity, nurturing responsibilities."
"Jupiter, Trine, Moon",Birth of Child / Parenthood,Family & Children,Birth of Child,"Expansion of family, emotional maturity, nurturing responsibilities."
"Jupiter, Conjunction, Ic",Buying Property / Home Ownership,Finance & Home,Buying Property,"Establishing roots, home expansion, domestic comfort."
"Jupiter, Trine, Ic",Buying Property / Home Ownership,Finance & Home,Buying Property,"Establishing roots, home expansion, domestic comfort."
"Venus, Conjunction, Jupiter",Financial Luck / Windfall,Finance & Home,Financial Luck,Ease with resources; benefic support to finances or assets.
"Pluto, Conjunction, Sun",Death / Major Life Completion Cycle,General Life Events,Death,"End of karmic cycle, soul transformation, rebirth energy beyond physical."
"Jupiter, Conjunction, Venus",Financial Gain / Wealth Increase,General Life Events,Financial Gain,"Expansion of resources, beneficial investments, financial empowerment."
"Jupiter, Trine, Venus",Financial Gain / Wealth Increase,General Life Events,Financial Gain,"Expansion of resources, beneficial investments, financial empowerment."
"Saturn, Opposition, Venus",Financial Loss / Debt / Setback,General Life Events,Financial Loss,"Financial restriction, over-idealism, need to rebuild stability."
"Saturn, Square, Venus",Financial Loss / Debt / Setback,General Life Events,Financial Loss,"Financial restriction, over-idealism, need to rebuild stability."
"Jupiter, Opposition, Saturn",Legal Matters / Court Issues,General Life Events,Legal Matters,"Karmic justice, conflicts with authority, blurred boundaries."
"Jupiter, Square, Saturn",Legal Matters / Court Issues,General Life Events,Legal Matters,"Karmic justice, conflicts with authority, blurred boundaries."
"Jupiter, Trine, Sun",Recovery / Regeneration / Healing,General Life Events,Recovery,"Renewal of vitality, emotional balance, deep healing."
"Saturn, Opposition, Ascendant",Health Crisis / Major Illness,Health,Health Crisis,"Energy depletion, transformation through body, karmic health lessons."
"Saturn, Square, Ascendant",Health Crisis / Major Illness,Health,Health Crisis,"Energy depletion, transformation through body, karmic health lessons."
"Mars, Square, Mars",Surgery / High-Exertion Period,Health,Surgery,Increased drive and risk—manage impulsivity; schedule procedures with care.
"Venus, Opposition, Uranus",Breakup / Divorce / Relationship Ending,Relationships,Breakup,"Sudden separation, emotional detachment, restructuring love patterns."
"Venus, Square, Uranus",Breakup / Divorce / Relationship Ending,Relationships,Breakup,"Sudden separation, emotional detachment, restructuring love patterns."
"Saturn, Conjunction, Moon",Death of Loved One / Grief Period,Relationships,Death of Loved One,"Emotional depth, loss, acceptance, and transformation of attachments."
"Saturn, Opposition, Moon",Death of Loved One / Grief Period,Relationships,Death of Loved One,"Emotional depth, loss, acceptance, and transformation of attachments."
"Venus, Conjunction, Saturn",Marriage / Long-term Commitment,Relationships,Marriage,Union formalization; durability and responsibility in love; building long-term structures.
"Venus, Conjunction, Saturn",Marriage / Serious Relationship Commitment,Relationships,Marriage,"Union, commitment, stability in love, public recognition of bond."
"Venus, Trine, Saturn",Marriage / Serious Relationship Commitment,Relationships,Marriage,"Union, commitment, stability in love, public recognition of bond."
"Venus, Trine, Jupiter",Relationship Blessings / Popularity,Relationships,Relationship Blessings,"Warmth, goodwill, and social ease—supportive connections flourish."
"Venus, Trine, Saturn",Stable Partnership / Engagement,Relationships,Stable Partnership,Ease in commitment; mutual loyalty and maturity.
"Pluto, Conjunction, Sun",Deep Personal Transformation,Spirituality & Personal Growth,Deep Personal Transformation,Intense rebirth; empowerment via confronting core identity patterns.
"Uranus, Conjunction, Sun",Personal Identity Shift / Awakening,Spirituality & Personal Growth,Personal Identity Shift,"Liberation of ego, deep self-transformation, spiritual rebirth."
"Uranus, Opposition, Sun",Personal Identity Shift / Awakening,Spirituality & Personal Growth,Personal Identity Shift,"Liberation of ego, deep self-transformation, spiritual rebirth."
"Uranus, Square, Sun",Personal Identity Shift / Awakening,Spirituality & Personal Growth,Personal Identity Shift,"Liberation of ego, deep self-transformation, spiritual rebirth."
"Neptune, Trine, Sun",Spiritual Awakening / Inner Peace,Spirituality & Personal Growth,Spiritual Awakening,"Heightened intuition, connection to divine, compassion, transcendence."
"Sun, Conjunction, Neptune",Spiritual Awakening / Vision Quest,Spirituality & Personal Growth,Spiritual Awakening,"Heightened sensitivity, imagination; need for clarity amidst ideals."
"Jupiter, Conjunction, 9Th",Major Travel / Abroad Opportunity,Travel & Relocation,Major Travel,"Exploration, global exposure, philosophical broadening."
"Jupiter, Trine, 9Th",Major Travel / Abroad Opportunity,Travel & Relocation,Major Travel,"Exploration, global exposure, philosophical broadening."
"Uranus, Conjunction, Ic",Moving / Relocation / Emigration,Travel & Relocation,Moving,"Change in residence, spiritual or geographical expansion."
"Uranus, Opposition, Ic",Moving / Relocation / Emigration,Travel & Relocation,Moving,"Change in residence, spiritual or geographical expansion."
"Uranus, Square, Ic",Moving / Relocation / Emigration,Travel & Relocation,Moving,"Change in residence, spiritual or geographical expansion."
